-- phpMyAdmin SQL Dump
-- version 4.8.5
-- https://www.phpmyadmin.net/
--
-- Host: 127.0.0.1
-- Generation Time: Jul 09, 2021 at 01:39 PM
-- Server version: 10.1.38-MariaDB
-- PHP Version: 7.3.2

SET SQL_MODE = "NO_AUTO_VALUE_ON_ZERO";
SET AUTOCOMMIT = 0;
START TRANSACTION;
SET time_zone = "+00:00";


/*!40101 SET @OLD_CHARACTER_SET_CLIENT=@@CHARACTER_SET_CLIENT */;
/*!40101 SET @OLD_CHARACTER_SET_RESULTS=@@CHARACTER_SET_RESULTS */;
/*!40101 SET @OLD_COLLATION_CONNECTION=@@COLLATION_CONNECTION */;
/*!40101 SET NAMES utf8mb4 */;

--
-- Database: `news-cms`
--

-- --------------------------------------------------------

--
-- Table structure for table `category`
--

CREATE TABLE `category` (
  `category_id` int(11) NOT NULL,
  `category_name` varchar(100) NOT NULL,
  `post` int(11) NOT NULL DEFAULT '0'
) ENGINE=MyISAM DEFAULT CHARSET=latin1;

--
-- Dumping data for table `category`
--

INSERT INTO `category` (`category_id`, `category_name`, `post`) VALUES
(34, 'Sports', 5),
(31, 'Entertainment', 5),
(32, 'Politics', 3),
(33, 'Health', 5);

-- --------------------------------------------------------

--
-- Table structure for table `post`
--

CREATE TABLE `post` (
  `post_id` int(11) NOT NULL,
  `title` varchar(100) NOT NULL,
  `description` text NOT NULL,
  `category` varchar(100) NOT NULL,
  `post_date` varchar(50) NOT NULL,
  `author` int(11) NOT NULL,
  `post_img` varchar(100) NOT NULL
) ENGINE=MyISAM DEFAULT CHARSET=latin1;

--
-- Dumping data for table `post`
--

INSERT INTO `post` (`post_id`, `title`, `description`, `category`, `post_date`, `author`, `post_img`) VALUES
(43, 'Sport pertains to any form of competitive physical activity or game that aims to use', 'Lorem ipsum dolor sit amet, consectetur adipiscing elit. Maecenas et dolor placerat risus interdum auctor. Ut ac blandit nisi. Etiam efficitur elit at libero sagittis, sed placerat enim sollicitudin. Nullam imperdiet varius ornare. Donec quis dolor massa. Ut eu iaculis tortor. Cras vehicula, nisi sit amet volutpat bibendum, metus orci iaculis diam, non porttitor ipsum nisi id lacus.\r\n\r\nPellentesque lorem nisi, malesuada varius dolor sed, venenatis consequat risus. Fusce augue nibh, auctor eget ultricies sit amet, accumsan vitae orci. Donec vitae nunc ut ipsum dignissim ornare a eu risus. Nunc efficitur erat id porta interdum. Maecenas interdum, felis nec fringilla iaculis, lacus nisi interdum eros, commodo ornare mauris nisl ut ante. Nam aliquet tempor arcu, tempor lobortis velit dignissim eget. Aliquam faucibus, diam tristique viverra ultricies, elit turpis maximus nibh, tincidunt dapibus neque ligula sit amet ligula. Aenean sollicitudin augue mollis gravida dignissim. Integer accumsan dignissim nisi non elementum. Etiam id quam et lorem congue fringilla sed at nisi.\r\n\r\nCurabitur sollicitudin libero turpis, ut dictum diam venenatis eget. Sed imperdiet neque tellus, eu aliquet est ultricies sed. Aenean laoreet mi quis dui mattis, in scelerisque nisl efficitur. Mauris efficitur eu tellus euismod imperdiet. Sed lacus ligula, hendrerit vitae efficitur ut, suscipit vitae augue. Vivamus ac sagittis lorem, vitae dictum justo. Ut massa ante, rutrum non odio eu, auctor aliquam dolor. Nullam sit amet consectetur odio, et facilisis elit. Sed condimentum tellus vestibulum consectetur consequat.\r\n\r\nPhasellus vel rutrum justo, vel dignissim dolor. Vivamus tincidunt diam ut tempus egestas. Donec ac enim sit amet mauris interdum sodales. Vestibulum arcu metus, ultricies et erat nec, imperdiet tempor urna. Etiam odio quam, tempus nec ex nec, fermentum malesuada arcu. Aliquam vitae justo justo. Duis suscipit pulvinar arcu, eget aliquet lorem placerat dapibus. Nunc ullamcorper tincidunt est, ut pretium lorem accumsan at. Maecenas a ligula mollis, tincidunt diam ut, tincidunt magna.\r\n\r\nNulla facilisi. Duis aliquet facilisis arcu, vitae viverra quam semper id. Proin sed libero sed dolor rutrum lacinia. Proin facilisis aliquam lectus sit amet sodales. Vivamus vehicula a velit ac ornare. Fusce dolor leo, pellentesque maximus ornare egestas, fermentum non erat. Mauris eget fermentum turpis, feugiat porta sem. Pellentesque nec pharetra erat, et sollicitudin ex. Suspendisse ullamcorper auctor congue. Nulla lacinia pharetra enim, eu molestie libero posuere non. Vestibulum euismod et ante eu sollicitudin. Aliquam imperdiet odio sit amet ante dapibus sodales. Proin eget sem tempus, mollis nunc vitae, lacinia leo.', '34', '09 Jul, 2021', 40, '1625825356-sports.jpg'),
(44, 'Italy reaches the Euro 2020 final after beating Spain on penalties', 'Lorem ipsum dolor sit amet, consectetur adipiscing elit. Maecenas et dolor placerat risus interdum auctor. Ut ac blandit nisi. Etiam efficitur elit at libero sagittis, sed placerat enim sollicitudin. Nullam imperdiet varius ornare. Donec quis dolor massa. Ut eu iaculis tortor. Cras vehicula, nisi sit amet volutpat bibendum, metus orci iaculis diam, non porttitor ipsum nisi id lacus.\r\n\r\nPellentesque lorem nisi, malesuada varius dolor sed, venenatis consequat risus. Fusce augue nibh, auctor eget ultricies sit amet, accumsan vitae orci. Donec vitae nunc ut ipsum dignissim ornare a eu risus. Nunc efficitur erat id porta interdum. Maecenas interdum, felis nec fringilla iaculis, lacus nisi interdum eros, commodo ornare mauris nisl ut ante. Nam aliquet tempor arcu, tempor lobortis velit dignissim eget. Aliquam faucibus, diam tristique viverra ultricies, elit turpis maximus nibh, tincidunt dapibus neque ligula sit amet ligula. Aenean sollicitudin augue mollis gravida dignissim. Integer accumsan dignissim nisi non elementum. Etiam id quam et lorem congue fringilla sed at nisi.\r\n\r\nCurabitur sollicitudin libero turpis, ut dictum diam venenatis eget. Sed imperdiet neque tellus, eu aliquet est ultricies sed. Aenean laoreet mi quis dui mattis, in scelerisque nisl efficitur. Mauris efficitur eu tellus euismod imperdiet. Sed lacus ligula, hendrerit vitae efficitur ut, suscipit vitae augue. Vivamus ac sagittis lorem, vitae dictum justo. Ut massa ante, rutrum non odio eu, auctor aliquam dolor. Nullam sit amet consectetur odio, et facilisis elit. Sed condimentum tellus vestibulum consectetur consequat.\r\n\r\nPhasellus vel rutrum justo, vel dignissim dolor. Vivamus tincidunt diam ut tempus egestas. Donec ac enim sit amet mauris interdum sodales. Vestibulum arcu metus, ultricies et erat nec, imperdiet tempor urna. Etiam odio quam, tempus nec ex nec, fermentum malesuada arcu. Aliquam vitae justo justo. Duis suscipit pulvinar arcu, eget aliquet lorem placerat dapibus. Nunc ullamcorper tincidunt est, ut pretium lorem accumsan at. Maecenas a ligula mollis, tincidunt diam ut, tincidunt magna.\r\n\r\nNulla facilisi. Duis aliquet facilisis arcu, vitae viverra quam semper id. Proin sed libero sed dolor rutrum lacinia. Proin facilisis aliquam lectus sit amet sodales. Vivamus vehicula a velit ac ornare. Fusce dolor leo, pellentesque maximus ornare egestas, fermentum non erat. Mauris eget fermentum turpis, feugiat porta sem. Pellentesque nec pharetra erat, et sollicitudin ex. Suspendisse ullamcorper auctor congue. Nulla lacinia pharetra enim, eu molestie libero posuere non. Vestibulum euismod et ante eu sollicitudin. Aliquam imperdiet odio sit amet ante dapibus sodales. Proin eget sem tempus, mollis nunc vitae, lacinia leo.', '34', '09 Jul, 2021', 40, '1625825753-sports1.jpg'),
(45, 'Latest and Exclusive Sports news with Photos and Videos coverage', 'Lorem ipsum dolor sit amet, consectetur adipiscing elit. Maecenas et dolor placerat risus interdum auctor. Ut ac blandit nisi. Etiam efficitur elit at libero sagittis, sed placerat enim sollicitudin. Nullam imperdiet varius ornare. Donec quis dolor massa. Ut eu iaculis tortor. Cras vehicula, nisi sit amet volutpat bibendum, metus orci iaculis diam, non porttitor ipsum nisi id lacus.\r\n\r\nPellentesque lorem nisi, malesuada varius dolor sed, venenatis consequat risus. Fusce augue nibh, auctor eget ultricies sit amet, accumsan vitae orci. Donec vitae nunc ut ipsum dignissim ornare a eu risus. Nunc efficitur erat id porta interdum. Maecenas interdum, felis nec fringilla iaculis, lacus nisi interdum eros, commodo ornare mauris nisl ut ante. Nam aliquet tempor arcu, tempor lobortis velit dignissim eget. Aliquam faucibus, diam tristique viverra ultricies, elit turpis maximus nibh, tincidunt dapibus neque ligula sit amet ligula. Aenean sollicitudin augue mollis gravida dignissim. Integer accumsan dignissim nisi non elementum. Etiam id quam et lorem congue fringilla sed at nisi.\r\n\r\nCurabitur sollicitudin libero turpis, ut dictum diam venenatis eget. Sed imperdiet neque tellus, eu aliquet est ultricies sed. Aenean laoreet mi quis dui mattis, in scelerisque nisl efficitur. Mauris efficitur eu tellus euismod imperdiet. Sed lacus ligula, hendrerit vitae efficitur ut, suscipit vitae augue. Vivamus ac sagittis lorem, vitae dictum justo. Ut massa ante, rutrum non odio eu, auctor aliquam dolor. Nullam sit amet consectetur odio, et facilisis elit. Sed condimentum tellus vestibulum consectetur consequat.\r\n\r\nPhasellus vel rutrum justo, vel dignissim dolor. Vivamus tincidunt diam ut tempus egestas. Donec ac enim sit amet mauris interdum sodales. Vestibulum arcu metus, ultricies et erat nec, imperdiet tempor urna. Etiam odio quam, tempus nec ex nec, fermentum malesuada arcu. Aliquam vitae justo justo. Duis suscipit pulvinar arcu, eget aliquet lorem placerat dapibus. Nunc ullamcorper tincidunt est, ut pretium lorem accumsan at. Maecenas a ligula mollis, tincidunt diam ut, tincidunt magna.\r\n\r\nNulla facilisi. Duis aliquet facilisis arcu, vitae viverra quam semper id. Proin sed libero sed dolor rutrum lacinia. Proin facilisis aliquam lectus sit amet sodales. Vivamus vehicula a velit ac ornare. Fusce dolor leo, pellentesque maximus ornare egestas, fermentum non erat. Mauris eget fermentum turpis, feugiat porta sem. Pellentesque nec pharetra erat, et sollicitudin ex. Suspendisse ullamcorper auctor congue. Nulla lacinia pharetra enim, eu molestie libero posuere non. Vestibulum euismod et ante eu sollicitudin. Aliquam imperdiet odio sit amet ante dapibus sodales. Proin eget sem tempus, mollis nunc vitae, lacinia leo.', '34', '09 Jul, 2021', 40, '1625825829-sports3.jpg'),
(46, ' physical contests pursued for the goals and challenges they entail', 'Lorem ipsum dolor sit amet, consectetur adipiscing elit. Maecenas et dolor placerat risus interdum auctor. Ut ac blandit nisi. Etiam efficitur elit at libero sagittis, sed placerat enim sollicitudin. Nullam imperdiet varius ornare. Donec quis dolor massa. Ut eu iaculis tortor. Cras vehicula, nisi sit amet volutpat bibendum, metus orci iaculis diam, non porttitor ipsum nisi id lacus.\r\n\r\nPellentesque lorem nisi, malesuada varius dolor sed, venenatis consequat risus. Fusce augue nibh, auctor eget ultricies sit amet, accumsan vitae orci. Donec vitae nunc ut ipsum dignissim ornare a eu risus. Nunc efficitur erat id porta interdum. Maecenas interdum, felis nec fringilla iaculis, lacus nisi interdum eros, commodo ornare mauris nisl ut ante. Nam aliquet tempor arcu, tempor lobortis velit dignissim eget. Aliquam faucibus, diam tristique viverra ultricies, elit turpis maximus nibh, tincidunt dapibus neque ligula sit amet ligula. Aenean sollicitudin augue mollis gravida dignissim. Integer accumsan dignissim nisi non elementum. Etiam id quam et lorem congue fringilla sed at nisi.\r\n\r\nCurabitur sollicitudin libero turpis, ut dictum diam venenatis eget. Sed imperdiet neque tellus, eu aliquet est ultricies sed. Aenean laoreet mi quis dui mattis, in scelerisque nisl efficitur. Mauris efficitur eu tellus euismod imperdiet. Sed lacus ligula, hendrerit vitae efficitur ut, suscipit vitae augue. Vivamus ac sagittis lorem, vitae dictum justo. Ut massa ante, rutrum non odio eu, auctor aliquam dolor. Nullam sit amet consectetur odio, et facilisis elit. Sed condimentum tellus vestibulum consectetur consequat.\r\n\r\nPhasellus vel rutrum justo, vel dignissim dolor. Vivamus tincidunt diam ut tempus egestas. Donec ac enim sit amet mauris interdum sodales. Vestibulum arcu metus, ultricies et erat nec, imperdiet tempor urna. Etiam odio quam, tempus nec ex nec, fermentum malesuada arcu. Aliquam vitae justo justo. Duis suscipit pulvinar arcu, eget aliquet lorem placerat dapibus. Nunc ullamcorper tincidunt est, ut pretium lorem accumsan at. Maecenas a ligula mollis, tincidunt diam ut, tincidunt magna.\r\n\r\nNulla facilisi. Duis aliquet facilisis arcu, vitae viverra quam semper id. Proin sed libero sed dolor rutrum lacinia. Proin facilisis aliquam lectus sit amet sodales. Vivamus vehicula a velit ac ornare. Fusce dolor leo, pellentesque maximus ornare egestas, fermentum non erat. Mauris eget fermentum turpis, feugiat porta sem. Pellentesque nec pharetra erat, et sollicitudin ex. Suspendisse ullamcorper auctor congue. Nulla lacinia pharetra enim, eu molestie libero posuere non. Vestibulum euismod et ante eu sollicitudin. Aliquam imperdiet odio sit amet ante dapibus sodales. Proin eget sem tempus, mollis nunc vitae, lacinia leo.', '34', '09 Jul, 2021', 40, '1625826035-sports4.jpg'),
(47, 'The largest selection of fitness articles, exercises, workouts, supplements, & community to help you', 'Lorem ipsum dolor sit amet, consectetur adipiscing elit. Maecenas et dolor placerat risus interdum auctor. Ut ac blandit nisi. Etiam efficitur elit at libero sagittis, sed placerat enim sollicitudin. Nullam imperdiet varius ornare. Donec quis dolor massa. Ut eu iaculis tortor. Cras vehicula, nisi sit amet volutpat bibendum, metus orci iaculis diam, non porttitor ipsum nisi id lacus.\r\n\r\nPellentesque lorem nisi, malesuada varius dolor sed, venenatis consequat risus. Fusce augue nibh, auctor eget ultricies sit amet, accumsan vitae orci. Donec vitae nunc ut ipsum dignissim ornare a eu risus. Nunc efficitur erat id porta interdum. Maecenas interdum, felis nec fringilla iaculis, lacus nisi interdum eros, commodo ornare mauris nisl ut ante. Nam aliquet tempor arcu, tempor lobortis velit dignissim eget. Aliquam faucibus, diam tristique viverra ultricies, elit turpis maximus nibh, tincidunt dapibus neque ligula sit amet ligula. Aenean sollicitudin augue mollis gravida dignissim. Integer accumsan dignissim nisi non elementum. Etiam id quam et lorem congue fringilla sed at nisi.\r\n\r\nCurabitur sollicitudin libero turpis, ut dictum diam venenatis eget. Sed imperdiet neque tellus, eu aliquet est ultricies sed. Aenean laoreet mi quis dui mattis, in scelerisque nisl efficitur. Mauris efficitur eu tellus euismod imperdiet. Sed lacus ligula, hendrerit vitae efficitur ut, suscipit vitae augue. Vivamus ac sagittis lorem, vitae dictum justo. Ut massa ante, rutrum non odio eu, auctor aliquam dolor. Nullam sit amet consectetur odio, et facilisis elit. Sed condimentum tellus vestibulum consectetur consequat.\r\n\r\nPhasellus vel rutrum justo, vel dignissim dolor. Vivamus tincidunt diam ut tempus egestas. Donec ac enim sit amet mauris interdum sodales. Vestibulum arcu metus, ultricies et erat nec, imperdiet tempor urna. Etiam odio quam, tempus nec ex nec, fermentum malesuada arcu. Aliquam vitae justo justo. Duis suscipit pulvinar arcu, eget aliquet lorem placerat dapibus. Nunc ullamcorper tincidunt est, ut pretium lorem accumsan at. Maecenas a ligula mollis, tincidunt diam ut, tincidunt magna.\r\n\r\nNulla facilisi. Duis aliquet facilisis arcu, vitae viverra quam semper id. Proin sed libero sed dolor rutrum lacinia. Proin facilisis aliquam lectus sit amet sodales. Vivamus vehicula a velit ac ornare. Fusce dolor leo, pellentesque maximus ornare egestas, fermentum non erat. Mauris eget fermentum turpis, feugiat porta sem. Pellentesque nec pharetra erat, et sollicitudin ex. Suspendisse ullamcorper auctor congue. Nulla lacinia pharetra enim, eu molestie libero posuere non. Vestibulum euismod et ante eu sollicitudin. Aliquam imperdiet odio sit amet ante dapibus sodales. Proin eget sem tempus, mollis nunc vitae, lacinia leo.', '34', '09 Jul, 2021', 40, '1625826287-sports5.jpg'),
(48, 'Health & Fitness Guide. Walking, lifting weights, doing chores – it\'s all good.', 'Lorem ipsum dolor sit amet, consectetur adipiscing elit. Maecenas et dolor placerat risus interdum auctor. Ut ac blandit nisi. Etiam efficitur elit at libero sagittis, sed placerat enim sollicitudin. Nullam imperdiet varius ornare. Donec quis dolor massa. Ut eu iaculis tortor. Cras vehicula, nisi sit amet volutpat bibendum, metus orci iaculis diam, non porttitor ipsum nisi id lacus.\r\n\r\nPellentesque lorem nisi, malesuada varius dolor sed, venenatis consequat risus. Fusce augue nibh, auctor eget ultricies sit amet, accumsan vitae orci. Donec vitae nunc ut ipsum dignissim ornare a eu risus. Nunc efficitur erat id porta interdum. Maecenas interdum, felis nec fringilla iaculis, lacus nisi interdum eros, commodo ornare mauris nisl ut ante. Nam aliquet tempor arcu, tempor lobortis velit dignissim eget. Aliquam faucibus, diam tristique viverra ultricies, elit turpis maximus nibh, tincidunt dapibus neque ligula sit amet ligula. Aenean sollicitudin augue mollis gravida dignissim. Integer accumsan dignissim nisi non elementum. Etiam id quam et lorem congue fringilla sed at nisi.\r\n\r\nCurabitur sollicitudin libero turpis, ut dictum diam venenatis eget. Sed imperdiet neque tellus, eu aliquet est ultricies sed. Aenean laoreet mi quis dui mattis, in scelerisque nisl efficitur. Mauris efficitur eu tellus euismod imperdiet. Sed lacus ligula, hendrerit vitae efficitur ut, suscipit vitae augue. Vivamus ac sagittis lorem, vitae dictum justo. Ut massa ante, rutrum non odio eu, auctor aliquam dolor. Nullam sit amet consectetur odio, et facilisis elit. Sed condimentum tellus vestibulum consectetur consequat.\r\n\r\nPhasellus vel rutrum justo, vel dignissim dolor. Vivamus tincidunt diam ut tempus egestas. Donec ac enim sit amet mauris interdum sodales. Vestibulum arcu metus, ultricies et erat nec, imperdiet tempor urna. Etiam odio quam, tempus nec ex nec, fermentum malesuada arcu. Aliquam vitae justo justo. Duis suscipit pulvinar arcu, eget aliquet lorem placerat dapibus. Nunc ullamcorper tincidunt est, ut pretium lorem accumsan at. Maecenas a ligula mollis, tincidunt diam ut, tincidunt magna.\r\n\r\nNulla facilisi. Duis aliquet facilisis arcu, vitae viverra quam semper id. Proin sed libero sed dolor rutrum lacinia. Proin facilisis aliquam lectus sit amet sodales. Vivamus vehicula a velit ac ornare. Fusce dolor leo, pellentesque maximus ornare egestas, fermentum non erat. Mauris eget fermentum turpis, feugiat porta sem. Pellentesque nec pharetra erat, et sollicitudin ex. Suspendisse ullamcorper auctor congue. Nulla lacinia pharetra enim, eu molestie libero posuere non. Vestibulum euismod et ante eu sollicitudin. Aliquam imperdiet odio sit amet ante dapibus sodales. Proin eget sem tempus, mollis nunc vitae, lacinia leo.', '33', '09 Jul, 2021', 40, '1625826420-Health1.jpg'),
(49, 'Health is a state of complete physical, mental, and social well-being and not merely the absence of ', 'Lorem ipsum dolor sit amet, consectetur adipiscing elit. Maecenas et dolor placerat risus interdum auctor. Ut ac blandit nisi. Etiam efficitur elit at libero sagittis, sed placerat enim sollicitudin. Nullam imperdiet varius ornare. Donec quis dolor massa. Ut eu iaculis tortor. Cras vehicula, nisi sit amet volutpat bibendum, metus orci iaculis diam, non porttitor ipsum nisi id lacus.\r\n\r\nPellentesque lorem nisi, malesuada varius dolor sed, venenatis consequat risus. Fusce augue nibh, auctor eget ultricies sit amet, accumsan vitae orci. Donec vitae nunc ut ipsum dignissim ornare a eu risus. Nunc efficitur erat id porta interdum. Maecenas interdum, felis nec fringilla iaculis, lacus nisi interdum eros, commodo ornare mauris nisl ut ante. Nam aliquet tempor arcu, tempor lobortis velit dignissim eget. Aliquam faucibus, diam tristique viverra ultricies, elit turpis maximus nibh, tincidunt dapibus neque ligula sit amet ligula. Aenean sollicitudin augue mollis gravida dignissim. Integer accumsan dignissim nisi non elementum. Etiam id quam et lorem congue fringilla sed at nisi.\r\n\r\nCurabitur sollicitudin libero turpis, ut dictum diam venenatis eget. Sed imperdiet neque tellus, eu aliquet est ultricies sed. Aenean laoreet mi quis dui mattis, in scelerisque nisl efficitur. Mauris efficitur eu tellus euismod imperdiet. Sed lacus ligula, hendrerit vitae efficitur ut, suscipit vitae augue. Vivamus ac sagittis lorem, vitae dictum justo. Ut massa ante, rutrum non odio eu, auctor aliquam dolor. Nullam sit amet consectetur odio, et facilisis elit. Sed condimentum tellus vestibulum consectetur consequat.\r\n\r\nPhasellus vel rutrum justo, vel dignissim dolor. Vivamus tincidunt diam ut tempus egestas. Donec ac enim sit amet mauris interdum sodales. Vestibulum arcu metus, ultricies et erat nec, imperdiet tempor urna. Etiam odio quam, tempus nec ex nec, fermentum malesuada arcu. Aliquam vitae justo justo. Duis suscipit pulvinar arcu, eget aliquet lorem placerat dapibus. Nunc ullamcorper tincidunt est, ut pretium lorem accumsan at. Maecenas a ligula mollis, tincidunt diam ut, tincidunt magna.\r\n\r\nNulla facilisi. Duis aliquet facilisis arcu, vitae viverra quam semper id. Proin sed libero sed dolor rutrum lacinia. Proin facilisis aliquam lectus sit amet sodales. Vivamus vehicula a velit ac ornare. Fusce dolor leo, pellentesque maximus ornare egestas, fermentum non erat. Mauris eget fermentum turpis, feugiat porta sem. Pellentesque nec pharetra erat, et sollicitudin ex. Suspendisse ullamcorper auctor congue. Nulla lacinia pharetra enim, eu molestie libero posuere non. Vestibulum euismod et ante eu sollicitudin. Aliquam imperdiet odio sit amet ante dapibus sodales. Proin eget sem tempus, mollis nunc vitae, lacinia leo.', '33', '09 Jul, 2021', 40, '1625826609-Health.jpg'),
(50, 'Five main aspects of personal health: physical, emotional, social, spiritual, and intellectual', 'Lorem ipsum dolor sit amet, consectetur adipiscing elit. Maecenas et dolor placerat risus interdum auctor. Ut ac blandit nisi. Etiam efficitur elit at libero sagittis, sed placerat enim sollicitudin. Nullam imperdiet varius ornare. Donec quis dolor massa. Ut eu iaculis tortor. Cras vehicula, nisi sit amet volutpat bibendum, metus orci iaculis diam, non porttitor ipsum nisi id lacus.\r\n\r\nPellentesque lorem nisi, malesuada varius dolor sed, venenatis consequat risus. Fusce augue nibh, auctor eget ultricies sit amet, accumsan vitae orci. Donec vitae nunc ut ipsum dignissim ornare a eu risus. Nunc efficitur erat id porta interdum. Maecenas interdum, felis nec fringilla iaculis, lacus nisi interdum eros, commodo ornare mauris nisl ut ante. Nam aliquet tempor arcu, tempor lobortis velit dignissim eget. Aliquam faucibus, diam tristique viverra ultricies, elit turpis maximus nibh, tincidunt dapibus neque ligula sit amet ligula. Aenean sollicitudin augue mollis gravida dignissim. Integer accumsan dignissim nisi non elementum. Etiam id quam et lorem congue fringilla sed at nisi.\r\n\r\nCurabitur sollicitudin libero turpis, ut dictum diam venenatis eget. Sed imperdiet neque tellus, eu aliquet est ultricies sed. Aenean laoreet mi quis dui mattis, in scelerisque nisl efficitur. Mauris efficitur eu tellus euismod imperdiet. Sed lacus ligula, hendrerit vitae efficitur ut, suscipit vitae augue. Vivamus ac sagittis lorem, vitae dictum justo. Ut massa ante, rutrum non odio eu, auctor aliquam dolor. Nullam sit amet consectetur odio, et facilisis elit. Sed condimentum tellus vestibulum consectetur consequat.\r\n\r\nPhasellus vel rutrum justo, vel dignissim dolor. Vivamus tincidunt diam ut tempus egestas. Donec ac enim sit amet mauris interdum sodales. Vestibulum arcu metus, ultricies et erat nec, imperdiet tempor urna. Etiam odio quam, tempus nec ex nec, fermentum malesuada arcu. Aliquam vitae justo justo. Duis suscipit pulvinar arcu, eget aliquet lorem placerat dapibus. Nunc ullamcorper tincidunt est, ut pretium lorem accumsan at. Maecenas a ligula mollis, tincidunt diam ut, tincidunt magna.\r\n\r\nNulla facilisi. Duis aliquet facilisis arcu, vitae viverra quam semper id. Proin sed libero sed dolor rutrum lacinia. Proin facilisis aliquam lectus sit amet sodales. Vivamus vehicula a velit ac ornare. Fusce dolor leo, pellentesque maximus ornare egestas, fermentum non erat. Mauris eget fermentum turpis, feugiat porta sem. Pellentesque nec pharetra erat, et sollicitudin ex. Suspendisse ullamcorper auctor congue. Nulla lacinia pharetra enim, eu molestie libero posuere non. Vestibulum euismod et ante eu sollicitudin. Aliquam imperdiet odio sit amet ante dapibus sodales. Proin eget sem tempus, mollis nunc vitae, lacinia leo.', '33', '09 Jul, 2021', 40, '1625827097-Health3.jpg'),
(51, 'This Single Window Platform is an initiative to provide sufficient and authentic information regardi', 'Lorem ipsum dolor sit amet, consectetur adipiscing elit. Maecenas et dolor placerat risus interdum auctor. Ut ac blandit nisi. Etiam efficitur elit at libero sagittis, sed placerat enim sollicitudin. Nullam imperdiet varius ornare. Donec quis dolor massa. Ut eu iaculis tortor. Cras vehicula, nisi sit amet volutpat bibendum, metus orci iaculis diam, non porttitor ipsum nisi id lacus.\r\n\r\nPellentesque lorem nisi, malesuada varius dolor sed, venenatis consequat risus. Fusce augue nibh, auctor eget ultricies sit amet, accumsan vitae orci. Donec vitae nunc ut ipsum dignissim ornare a eu risus. Nunc efficitur erat id porta interdum. Maecenas interdum, felis nec fringilla iaculis, lacus nisi interdum eros, commodo ornare mauris nisl ut ante. Nam aliquet tempor arcu, tempor lobortis velit dignissim eget. Aliquam faucibus, diam tristique viverra ultricies, elit turpis maximus nibh, tincidunt dapibus neque ligula sit amet ligula. Aenean sollicitudin augue mollis gravida dignissim. Integer accumsan dignissim nisi non elementum. Etiam id quam et lorem congue fringilla sed at nisi.\r\n\r\nCurabitur sollicitudin libero turpis, ut dictum diam venenatis eget. Sed imperdiet neque tellus, eu aliquet est ultricies sed. Aenean laoreet mi quis dui mattis, in scelerisque nisl efficitur. Mauris efficitur eu tellus euismod imperdiet. Sed lacus ligula, hendrerit vitae efficitur ut, suscipit vitae augue. Vivamus ac sagittis lorem, vitae dictum justo. Ut massa ante, rutrum non odio eu, auctor aliquam dolor. Nullam sit amet consectetur odio, et facilisis elit. Sed condimentum tellus vestibulum consectetur consequat.\r\n\r\nPhasellus vel rutrum justo, vel dignissim dolor. Vivamus tincidunt diam ut tempus egestas. Donec ac enim sit amet mauris interdum sodales. Vestibulum arcu metus, ultricies et erat nec, imperdiet tempor urna. Etiam odio quam, tempus nec ex nec, fermentum malesuada arcu. Aliquam vitae justo justo. Duis suscipit pulvinar arcu, eget aliquet lorem placerat dapibus. Nunc ullamcorper tincidunt est, ut pretium lorem accumsan at. Maecenas a ligula mollis, tincidunt diam ut, tincidunt magna.\r\n\r\nNulla facilisi. Duis aliquet facilisis arcu, vitae viverra quam semper id. Proin sed libero sed dolor rutrum lacinia. Proin facilisis aliquam lectus sit amet sodales. Vivamus vehicula a velit ac ornare. Fusce dolor leo, pellentesque maximus ornare egestas, fermentum non erat. Mauris eget fermentum turpis, feugiat porta sem. Pellentesque nec pharetra erat, et sollicitudin ex. Suspendisse ullamcorper auctor congue. Nulla lacinia pharetra enim, eu molestie libero posuere non. Vestibulum euismod et ante eu sollicitudin. Aliquam imperdiet odio sit amet ante dapibus sodales. Proin eget sem tempus, mollis nunc vitae, lacinia leo.', '33', '09 Jul, 2021', 40, '1625827751-Health4.jpg'),
(52, 'India Coronavirus update with statistics and graphs: total and new cases, deaths per day, mortality ', 'Lorem ipsum dolor sit amet, consectetur adipiscing elit. Maecenas et dolor placerat risus interdum auctor. Ut ac blandit nisi. Etiam efficitur elit at libero sagittis, sed placerat enim sollicitudin. Nullam imperdiet varius ornare. Donec quis dolor massa. Ut eu iaculis tortor. Cras vehicula, nisi sit amet volutpat bibendum, metus orci iaculis diam, non porttitor ipsum nisi id lacus.\r\n\r\nPellentesque lorem nisi, malesuada varius dolor sed, venenatis consequat risus. Fusce augue nibh, auctor eget ultricies sit amet, accumsan vitae orci. Donec vitae nunc ut ipsum dignissim ornare a eu risus. Nunc efficitur erat id porta interdum. Maecenas interdum, felis nec fringilla iaculis, lacus nisi interdum eros, commodo ornare mauris nisl ut ante. Nam aliquet tempor arcu, tempor lobortis velit dignissim eget. Aliquam faucibus, diam tristique viverra ultricies, elit turpis maximus nibh, tincidunt dapibus neque ligula sit amet ligula. Aenean sollicitudin augue mollis gravida dignissim. Integer accumsan dignissim nisi non elementum. Etiam id quam et lorem congue fringilla sed at nisi.\r\n\r\nCurabitur sollicitudin libero turpis, ut dictum diam venenatis eget. Sed imperdiet neque tellus, eu aliquet est ultricies sed. Aenean laoreet mi quis dui mattis, in scelerisque nisl efficitur. Mauris efficitur eu tellus euismod imperdiet. Sed lacus ligula, hendrerit vitae efficitur ut, suscipit vitae augue. Vivamus ac sagittis lorem, vitae dictum justo. Ut massa ante, rutrum non odio eu, auctor aliquam dolor. Nullam sit amet consectetur odio, et facilisis elit. Sed condimentum tellus vestibulum consectetur consequat.\r\n\r\nPhasellus vel rutrum justo, vel dignissim dolor. Vivamus tincidunt diam ut tempus egestas. Donec ac enim sit amet mauris interdum sodales. Vestibulum arcu metus, ultricies et erat nec, imperdiet tempor urna. Etiam odio quam, tempus nec ex nec, fermentum malesuada arcu. Aliquam vitae justo justo. Duis suscipit pulvinar arcu, eget aliquet lorem placerat dapibus. Nunc ullamcorper tincidunt est, ut pretium lorem accumsan at. Maecenas a ligula mollis, tincidunt diam ut, tincidunt magna.\r\n\r\nNulla facilisi. Duis aliquet facilisis arcu, vitae viverra quam semper id. Proin sed libero sed dolor rutrum lacinia. Proin facilisis aliquam lectus sit amet sodales. Vivamus vehicula a velit ac ornare. Fusce dolor leo, pellentesque maximus ornare egestas, fermentum non erat. Mauris eget fermentum turpis, feugiat porta sem. Pellentesque nec pharetra erat, et sollicitudin ex. Suspendisse ullamcorper auctor congue. Nulla lacinia pharetra enim, eu molestie libero posuere non. Vestibulum euismod et ante eu sollicitudin. Aliquam imperdiet odio sit amet ante dapibus sodales. Proin eget sem tempus, mollis nunc vitae, lacinia leo.', '33', '09 Jul, 2021', 40, '1625827846-Health5.jpg'),
(53, 'Get latest entertainment news, celebrity news updates and hot celebrity gossips from Bollywood, Holl', 'Lorem ipsum dolor sit amet, consectetur adipiscing elit. Maecenas et dolor placerat risus interdum auctor. Ut ac blandit nisi. Etiam efficitur elit at libero sagittis, sed placerat enim sollicitudin. Nullam imperdiet varius ornare. Donec quis dolor massa. Ut eu iaculis tortor. Cras vehicula, nisi sit amet volutpat bibendum, metus orci iaculis diam, non porttitor ipsum nisi id lacus.\r\n\r\nPellentesque lorem nisi, malesuada varius dolor sed, venenatis consequat risus. Fusce augue nibh, auctor eget ultricies sit amet, accumsan vitae orci. Donec vitae nunc ut ipsum dignissim ornare a eu risus. Nunc efficitur erat id porta interdum. Maecenas interdum, felis nec fringilla iaculis, lacus nisi interdum eros, commodo ornare mauris nisl ut ante. Nam aliquet tempor arcu, tempor lobortis velit dignissim eget. Aliquam faucibus, diam tristique viverra ultricies, elit turpis maximus nibh, tincidunt dapibus neque ligula sit amet ligula. Aenean sollicitudin augue mollis gravida dignissim. Integer accumsan dignissim nisi non elementum. Etiam id quam et lorem congue fringilla sed at nisi.\r\n\r\nCurabitur sollicitudin libero turpis, ut dictum diam venenatis eget. Sed imperdiet neque tellus, eu aliquet est ultricies sed. Aenean laoreet mi quis dui mattis, in scelerisque nisl efficitur. Mauris efficitur eu tellus euismod imperdiet. Sed lacus ligula, hendrerit vitae efficitur ut, suscipit vitae augue. Vivamus ac sagittis lorem, vitae dictum justo. Ut massa ante, rutrum non odio eu, auctor aliquam dolor. Nullam sit amet consectetur odio, et facilisis elit. Sed condimentum tellus vestibulum consectetur consequat.\r\n\r\nPhasellus vel rutrum justo, vel dignissim dolor. Vivamus tincidunt diam ut tempus egestas. Donec ac enim sit amet mauris interdum sodales. Vestibulum arcu metus, ultricies et erat nec, imperdiet tempor urna. Etiam odio quam, tempus nec ex nec, fermentum malesuada arcu. Aliquam vitae justo justo. Duis suscipit pulvinar arcu, eget aliquet lorem placerat dapibus. Nunc ullamcorper tincidunt est, ut pretium lorem accumsan at. Maecenas a ligula mollis, tincidunt diam ut, tincidunt magna.\r\n\r\nNulla facilisi. Duis aliquet facilisis arcu, vitae viverra quam semper id. Proin sed libero sed dolor rutrum lacinia. Proin facilisis aliquam lectus sit amet sodales. Vivamus vehicula a velit ac ornare. Fusce dolor leo, pellentesque maximus ornare egestas, fermentum non erat. Mauris eget fermentum turpis, feugiat porta sem. Pellentesque nec pharetra erat, et sollicitudin ex. Suspendisse ullamcorper auctor congue. Nulla lacinia pharetra enim, eu molestie libero posuere non. Vestibulum euismod et ante eu sollicitudin. Aliquam imperdiet odio sit amet ante dapibus sodales. Proin eget sem tempus, mollis nunc vitae, lacinia leo.', '31', '09 Jul, 2021', 40, '1625827946-Entertainment.jpg'),
(54, 'Latest entertainment news and gossip from the world of bollywood, Hollywood and regional film indust', 'Lorem ipsum dolor sit amet, consectetur adipiscing elit. Maecenas et dolor placerat risus interdum auctor. Ut ac blandit nisi. Etiam efficitur elit at libero sagittis, sed placerat enim sollicitudin. Nullam imperdiet varius ornare. Donec quis dolor massa. Ut eu iaculis tortor. Cras vehicula, nisi sit amet volutpat bibendum, metus orci iaculis diam, non porttitor ipsum nisi id lacus.\r\n\r\nPellentesque lorem nisi, malesuada varius dolor sed, venenatis consequat risus. Fusce augue nibh, auctor eget ultricies sit amet, accumsan vitae orci. Donec vitae nunc ut ipsum dignissim ornare a eu risus. Nunc efficitur erat id porta interdum. Maecenas interdum, felis nec fringilla iaculis, lacus nisi interdum eros, commodo ornare mauris nisl ut ante. Nam aliquet tempor arcu, tempor lobortis velit dignissim eget. Aliquam faucibus, diam tristique viverra ultricies, elit turpis maximus nibh, tincidunt dapibus neque ligula sit amet ligula. Aenean sollicitudin augue mollis gravida dignissim. Integer accumsan dignissim nisi non elementum. Etiam id quam et lorem congue fringilla sed at nisi.\r\n\r\nCurabitur sollicitudin libero turpis, ut dictum diam venenatis eget. Sed imperdiet neque tellus, eu aliquet est ultricies sed. Aenean laoreet mi quis dui mattis, in scelerisque nisl efficitur. Mauris efficitur eu tellus euismod imperdiet. Sed lacus ligula, hendrerit vitae efficitur ut, suscipit vitae augue. Vivamus ac sagittis lorem, vitae dictum justo. Ut massa ante, rutrum non odio eu, auctor aliquam dolor. Nullam sit amet consectetur odio, et facilisis elit. Sed condimentum tellus vestibulum consectetur consequat.\r\n\r\nPhasellus vel rutrum justo, vel dignissim dolor. Vivamus tincidunt diam ut tempus egestas. Donec ac enim sit amet mauris interdum sodales. Vestibulum arcu metus, ultricies et erat nec, imperdiet tempor urna. Etiam odio quam, tempus nec ex nec, fermentum malesuada arcu. Aliquam vitae justo justo. Duis suscipit pulvinar arcu, eget aliquet lorem placerat dapibus. Nunc ullamcorper tincidunt est, ut pretium lorem accumsan at. Maecenas a ligula mollis, tincidunt diam ut, tincidunt magna.\r\n\r\nNulla facilisi. Duis aliquet facilisis arcu, vitae viverra quam semper id. Proin sed libero sed dolor rutrum lacinia. Proin facilisis aliquam lectus sit amet sodales. Vivamus vehicula a velit ac ornare. Fusce dolor leo, pellentesque maximus ornare egestas, fermentum non erat. Mauris eget fermentum turpis, feugiat porta sem. Pellentesque nec pharetra erat, et sollicitudin ex. Suspendisse ullamcorper auctor congue. Nulla lacinia pharetra enim, eu molestie libero posuere non. Vestibulum euismod et ante eu sollicitudin. Aliquam imperdiet odio sit amet ante dapibus sodales. Proin eget sem tempus, mollis nunc vitae, lacinia leo.', '31', '09 Jul, 2021', 40, '1625827996-Entertainment1.jpg'),
(55, 'Entertainment News - Find latest Entertainment News and Celebrity Gossips today from the most popula', 'Lorem ipsum dolor sit amet, consectetur adipiscing elit. Maecenas et dolor placerat risus interdum auctor. Ut ac blandit nisi. Etiam efficitur elit at libero sagittis, sed placerat enim sollicitudin. Nullam imperdiet varius ornare. Donec quis dolor massa. Ut eu iaculis tortor. Cras vehicula, nisi sit amet volutpat bibendum, metus orci iaculis diam, non porttitor ipsum nisi id lacus.\r\n\r\nPellentesque lorem nisi, malesuada varius dolor sed, venenatis consequat risus. Fusce augue nibh, auctor eget ultricies sit amet, accumsan vitae orci. Donec vitae nunc ut ipsum dignissim ornare a eu risus. Nunc efficitur erat id porta interdum. Maecenas interdum, felis nec fringilla iaculis, lacus nisi interdum eros, commodo ornare mauris nisl ut ante. Nam aliquet tempor arcu, tempor lobortis velit dignissim eget. Aliquam faucibus, diam tristique viverra ultricies, elit turpis maximus nibh, tincidunt dapibus neque ligula sit amet ligula. Aenean sollicitudin augue mollis gravida dignissim. Integer accumsan dignissim nisi non elementum. Etiam id quam et lorem congue fringilla sed at nisi.\r\n\r\nCurabitur sollicitudin libero turpis, ut dictum diam venenatis eget. Sed imperdiet neque tellus, eu aliquet est ultricies sed. Aenean laoreet mi quis dui mattis, in scelerisque nisl efficitur. Mauris efficitur eu tellus euismod imperdiet. Sed lacus ligula, hendrerit vitae efficitur ut, suscipit vitae augue. Vivamus ac sagittis lorem, vitae dictum justo. Ut massa ante, rutrum non odio eu, auctor aliquam dolor. Nullam sit amet consectetur odio, et facilisis elit. Sed condimentum tellus vestibulum consectetur consequat.\r\n\r\nPhasellus vel rutrum justo, vel dignissim dolor. Vivamus tincidunt diam ut tempus egestas. Donec ac enim sit amet mauris interdum sodales. Vestibulum arcu metus, ultricies et erat nec, imperdiet tempor urna. Etiam odio quam, tempus nec ex nec, fermentum malesuada arcu. Aliquam vitae justo justo. Duis suscipit pulvinar arcu, eget aliquet lorem placerat dapibus. Nunc ullamcorper tincidunt est, ut pretium lorem accumsan at. Maecenas a ligula mollis, tincidunt diam ut, tincidunt magna.\r\n\r\nNulla facilisi. Duis aliquet facilisis arcu, vitae viverra quam semper id. Proin sed libero sed dolor rutrum lacinia. Proin facilisis aliquam lectus sit amet sodales. Vivamus vehicula a velit ac ornare. Fusce dolor leo, pellentesque maximus ornare egestas, fermentum non erat. Mauris eget fermentum turpis, feugiat porta sem. Pellentesque nec pharetra erat, et sollicitudin ex. Suspendisse ullamcorper auctor congue. Nulla lacinia pharetra enim, eu molestie libero posuere non. Vestibulum euismod et ante eu sollicitudin. Aliquam imperdiet odio sit amet ante dapibus sodales. Proin eget sem tempus, mollis nunc vitae, lacinia leo.', '31', '09 Jul, 2021', 40, '1625828111-Entertainment2.jpg'),
(56, 'Get the latest news and pics from the world of Fashion in India and Abroad.', 'Lorem ipsum dolor sit amet, consectetur adipiscing elit. Vivamus arcu arcu, maximus sed nulla sed, pellentesque volutpat nunc. Cras bibendum nec urna in euismod. In malesuada orci ligula, ac ullamcorper lorem viverra a. Vestibulum et orci ac diam finibus ullamcorper quis ut massa. Integer in nibh a quam vulputate fringilla nec sed eros. Fusce mollis hendrerit mi, nec vulputate nulla. Maecenas a purus eu orci hendrerit varius.\r\n\r\nPraesent in iaculis quam. Pellentesque ipsum augue, placerat vel vehicula dapibus, pharetra a dui. Integer ac justo quis purus vestibulum pharetra. Praesent suscipit velit sit amet odio semper, eu porta erat bibendum. Sed ullamcorper ex et nibh volutpat ultricies eget sed est. Aliquam elementum volutpat pharetra. Phasellus ac quam eget dolor feugiat fringilla quis et ex. Sed interdum, velit non ultricies rutrum, est diam molestie nunc, sed mattis dolor nisl quis orci. Cras vestibulum lobortis euismod. Nullam quis volutpat sapien, sollicitudin lobortis nunc. Donec tincidunt velit sed ante imperdiet, nec viverra diam tincidunt. Nulla dictum libero ex, et aliquam leo bibendum quis. Quisque ut quam euismod, ornare metus quis, aliquet felis. Donec eget turpis orci. In volutpat turpis non tellus pellentesque viverra. Donec condimentum, libero vel auctor vestibulum, justo neque malesuada odio, vitae sollicitudin orci justo a neque.\r\n\r\nAenean rhoncus aliquam dolor et ultricies. Nullam luctus eget est at scelerisque. Pellentesque mollis ac arcu eget suscipit. Phasellus interdum hendrerit ultricies. Vestibulum ex leo, cursus vitae dolor eu, mattis bibendum nisi. Nullam in tristique est. Praesent dui felis, volutpat at libero at, accumsan faucibus ligula. Aenean ultricies, sem eu faucibus imperdiet, nisl sem mattis arcu, ut convallis diam sem eget velit. Pellentesque habitant morbi tristique senectus et netus et malesuada fames ac turpis egestas. Sed sit amet leo convallis, commodo turpis et, tristique nisl. Duis at est id odio aliquam euismod. Maecenas vulputate sit amet tortor eu ornare. Sed sit amet sem consectetur, tincidunt est sed, egestas augue.\r\n\r\nVestibulum at quam arcu. Donec et risus a tellus fermentum elementum non tincidunt leo. Mauris tortor nulla, tempor fermentum elit in, sodales auctor eros. Maecenas gravida odio sit amet nibh pharetra finibus. Ut pulvinar est ac dui tincidunt posuere. Duis porttitor lectus neque, in interdum arcu facilisis at. Sed rhoncus magna vel pellentesque mollis. Vestibulum sit amet lorem in dui iaculis congue. Pellentesque habitant morbi tristique senectus et netus et malesuada fames ac turpis egestas. Integer eu ultrices urna, non commodo lorem. Nulla facilisi. Nulla orci arcu, imperdiet et pharetra semper, placerat vel felis. Sed vitae lectus mollis, euismod nisl et, sollicitudin dui. Sed auctor libero at condimentum mattis. Mauris consectetur magna dolor, quis dignissim justo ultrices placerat.\r\n\r\nNullam nec tellus a quam luctus scelerisque vel congue dolor. Quisque fringilla lacus ac eros gravida euismod. Quisque a sapien accumsan, lacinia elit a, aliquam tortor. Nullam condimentum eget nisl quis auctor. Nulla facilisi. Phasellus malesuada pulvinar tellus vel lacinia. Curabitur dignissim mauris nisl, vel gravida libero porta nec.', '31', '09 Jul, 2021', 40, '1625829353-Entertainment3.jpg'),
(57, 'Entertainment news online in english, get the latest updates on celebrity entertainment news, showbi', 'Lorem ipsum dolor sit amet, consectetur adipiscing elit. Vivamus arcu arcu, maximus sed nulla sed, pellentesque volutpat nunc. Cras bibendum nec urna in euismod. In malesuada orci ligula, ac ullamcorper lorem viverra a. Vestibulum et orci ac diam finibus ullamcorper quis ut massa. Integer in nibh a quam vulputate fringilla nec sed eros. Fusce mollis hendrerit mi, nec vulputate nulla. Maecenas a purus eu orci hendrerit varius.\r\n\r\nPraesent in iaculis quam. Pellentesque ipsum augue, placerat vel vehicula dapibus, pharetra a dui. Integer ac justo quis purus vestibulum pharetra. Praesent suscipit velit sit amet odio semper, eu porta erat bibendum. Sed ullamcorper ex et nibh volutpat ultricies eget sed est. Aliquam elementum volutpat pharetra. Phasellus ac quam eget dolor feugiat fringilla quis et ex. Sed interdum, velit non ultricies rutrum, est diam molestie nunc, sed mattis dolor nisl quis orci. Cras vestibulum lobortis euismod. Nullam quis volutpat sapien, sollicitudin lobortis nunc. Donec tincidunt velit sed ante imperdiet, nec viverra diam tincidunt. Nulla dictum libero ex, et aliquam leo bibendum quis. Quisque ut quam euismod, ornare metus quis, aliquet felis. Donec eget turpis orci. In volutpat turpis non tellus pellentesque viverra. Donec condimentum, libero vel auctor vestibulum, justo neque malesuada odio, vitae sollicitudin orci justo a neque.\r\n\r\nAenean rhoncus aliquam dolor et ultricies. Nullam luctus eget est at scelerisque. Pellentesque mollis ac arcu eget suscipit. Phasellus interdum hendrerit ultricies. Vestibulum ex leo, cursus vitae dolor eu, mattis bibendum nisi. Nullam in tristique est. Praesent dui felis, volutpat at libero at, accumsan faucibus ligula. Aenean ultricies, sem eu faucibus imperdiet, nisl sem mattis arcu, ut convallis diam sem eget velit. Pellentesque habitant morbi tristique senectus et netus et malesuada fames ac turpis egestas. Sed sit amet leo convallis, commodo turpis et, tristique nisl. Duis at est id odio aliquam euismod. Maecenas vulputate sit amet tortor eu ornare. Sed sit amet sem consectetur, tincidunt est sed, egestas augue.\r\n\r\nVestibulum at quam arcu. Donec et risus a tellus fermentum elementum non tincidunt leo. Mauris tortor nulla, tempor fermentum elit in, sodales auctor eros. Maecenas gravida odio sit amet nibh pharetra finibus. Ut pulvinar est ac dui tincidunt posuere. Duis porttitor lectus neque, in interdum arcu facilisis at. Sed rhoncus magna vel pellentesque mollis. Vestibulum sit amet lorem in dui iaculis congue. Pellentesque habitant morbi tristique senectus et netus et malesuada fames ac turpis egestas. Integer eu ultrices urna, non commodo lorem. Nulla facilisi. Nulla orci arcu, imperdiet et pharetra semper, placerat vel felis. Sed vitae lectus mollis, euismod nisl et, sollicitudin dui. Sed auctor libero at condimentum mattis. Mauris consectetur magna dolor, quis dignissim justo ultrices placerat.\r\n\r\nNullam nec tellus a quam luctus scelerisque vel congue dolor. Quisque fringilla lacus ac eros gravida euismod. Quisque a sapien accumsan, lacinia elit a, aliquam tortor. Nullam condimentum eget nisl quis auctor. Nulla facilisi. Phasellus malesuada pulvinar tellus vel lacinia. Curabitur dignissim mauris nisl, vel gravida libero porta nec.', '31', '09 Jul, 2021', 40, '1625829536-Entertainment5.jpg'),
(58, 'Get Live Politics news and updates from India on Indian Politics.', 'Lorem ipsum dolor sit amet, consectetur adipiscing elit. Vivamus arcu arcu, maximus sed nulla sed, pellentesque volutpat nunc. Cras bibendum nec urna in euismod. In malesuada orci ligula, ac ullamcorper lorem viverra a. Vestibulum et orci ac diam finibus ullamcorper quis ut massa. Integer in nibh a quam vulputate fringilla nec sed eros. Fusce mollis hendrerit mi, nec vulputate nulla. Maecenas a purus eu orci hendrerit varius.\r\n\r\nPraesent in iaculis quam. Pellentesque ipsum augue, placerat vel vehicula dapibus, pharetra a dui. Integer ac justo quis purus vestibulum pharetra. Praesent suscipit velit sit amet odio semper, eu porta erat bibendum. Sed ullamcorper ex et nibh volutpat ultricies eget sed est. Aliquam elementum volutpat pharetra. Phasellus ac quam eget dolor feugiat fringilla quis et ex. Sed interdum, velit non ultricies rutrum, est diam molestie nunc, sed mattis dolor nisl quis orci. Cras vestibulum lobortis euismod. Nullam quis volutpat sapien, sollicitudin lobortis nunc. Donec tincidunt velit sed ante imperdiet, nec viverra diam tincidunt. Nulla dictum libero ex, et aliquam leo bibendum quis. Quisque ut quam euismod, ornare metus quis, aliquet felis. Donec eget turpis orci. In volutpat turpis non tellus pellentesque viverra. Donec condimentum, libero vel auctor vestibulum, justo neque malesuada odio, vitae sollicitudin orci justo a neque.\r\n\r\nAenean rhoncus aliquam dolor et ultricies. Nullam luctus eget est at scelerisque. Pellentesque mollis ac arcu eget suscipit. Phasellus interdum hendrerit ultricies. Vestibulum ex leo, cursus vitae dolor eu, mattis bibendum nisi. Nullam in tristique est. Praesent dui felis, volutpat at libero at, accumsan faucibus ligula. Aenean ultricies, sem eu faucibus imperdiet, nisl sem mattis arcu, ut convallis diam sem eget velit. Pellentesque habitant morbi tristique senectus et netus et malesuada fames ac turpis egestas. Sed sit amet leo convallis, commodo turpis et, tristique nisl. Duis at est id odio aliquam euismod. Maecenas vulputate sit amet tortor eu ornare. Sed sit amet sem consectetur, tincidunt est sed, egestas augue.\r\n\r\nVestibulum at quam arcu. Donec et risus a tellus fermentum elementum non tincidunt leo. Mauris tortor nulla, tempor fermentum elit in, sodales auctor eros. Maecenas gravida odio sit amet nibh pharetra finibus. Ut pulvinar est ac dui tincidunt posuere. Duis porttitor lectus neque, in interdum arcu facilisis at. Sed rhoncus magna vel pellentesque mollis. Vestibulum sit amet lorem in dui iaculis congue. Pellentesque habitant morbi tristique senectus et netus et malesuada fames ac turpis egestas. Integer eu ultrices urna, non commodo lorem. Nulla facilisi. Nulla orci arcu, imperdiet et pharetra semper, placerat vel felis. Sed vitae lectus mollis, euismod nisl et, sollicitudin dui. Sed auctor libero at condimentum mattis. Mauris consectetur magna dolor, quis dignissim justo ultrices placerat.\r\n\r\nNullam nec tellus a quam luctus scelerisque vel congue dolor. Quisque fringilla lacus ac eros gravida euismod. Quisque a sapien accumsan, lacinia elit a, aliquam tortor. Nullam condimentum eget nisl quis auctor. Nulla facilisi. Phasellus malesuada pulvinar tellus vel lacinia. Curabitur dignissim mauris nisl, vel gravida libero porta nec.', '32', '09 Jul, 2021', 40, '1625829635-Politics3.jpg');
INSERT INTO `post` (`post_id`, `title`, `description`, `category`, `post_date`, `author`, `post_img`) VALUES
(59, 'Indian Politics, News on Top Politicians in India, Current affairs, Elections, Political News, Curre', 'Lorem ipsum dolor sit amet, consectetur adipiscing elit. Vivamus arcu arcu, maximus sed nulla sed, pellentesque volutpat nunc. Cras bibendum nec urna in euismod. In malesuada orci ligula, ac ullamcorper lorem viverra a. Vestibulum et orci ac diam finibus ullamcorper quis ut massa. Integer in nibh a quam vulputate fringilla nec sed eros. Fusce mollis hendrerit mi, nec vulputate nulla. Maecenas a purus eu orci hendrerit varius.\r\n\r\nPraesent in iaculis quam. Pellentesque ipsum augue, placerat vel vehicula dapibus, pharetra a dui. Integer ac justo quis purus vestibulum pharetra. Praesent suscipit velit sit amet odio semper, eu porta erat bibendum. Sed ullamcorper ex et nibh volutpat ultricies eget sed est. Aliquam elementum volutpat pharetra. Phasellus ac quam eget dolor feugiat fringilla quis et ex. Sed interdum, velit non ultricies rutrum, est diam molestie nunc, sed mattis dolor nisl quis orci. Cras vestibulum lobortis euismod. Nullam quis volutpat sapien, sollicitudin lobortis nunc. Donec tincidunt velit sed ante imperdiet, nec viverra diam tincidunt. Nulla dictum libero ex, et aliquam leo bibendum quis. Quisque ut quam euismod, ornare metus quis, aliquet felis. Donec eget turpis orci. In volutpat turpis non tellus pellentesque viverra. Donec condimentum, libero vel auctor vestibulum, justo neque malesuada odio, vitae sollicitudin orci justo a neque.\r\n\r\nAenean rhoncus aliquam dolor et ultricies. Nullam luctus eget est at scelerisque. Pellentesque mollis ac arcu eget suscipit. Phasellus interdum hendrerit ultricies. Vestibulum ex leo, cursus vitae dolor eu, mattis bibendum nisi. Nullam in tristique est. Praesent dui felis, volutpat at libero at, accumsan faucibus ligula. Aenean ultricies, sem eu faucibus imperdiet, nisl sem mattis arcu, ut convallis diam sem eget velit. Pellentesque habitant morbi tristique senectus et netus et malesuada fames ac turpis egestas. Sed sit amet leo convallis, commodo turpis et, tristique nisl. Duis at est id odio aliquam euismod. Maecenas vulputate sit amet tortor eu ornare. Sed sit amet sem consectetur, tincidunt est sed, egestas augue.\r\n\r\nVestibulum at quam arcu. Donec et risus a tellus fermentum elementum non tincidunt leo. Mauris tortor nulla, tempor fermentum elit in, sodales auctor eros. Maecenas gravida odio sit amet nibh pharetra finibus. Ut pulvinar est ac dui tincidunt posuere. Duis porttitor lectus neque, in interdum arcu facilisis at. Sed rhoncus magna vel pellentesque mollis. Vestibulum sit amet lorem in dui iaculis congue. Pellentesque habitant morbi tristique senectus et netus et malesuada fames ac turpis egestas. Integer eu ultrices urna, non commodo lorem. Nulla facilisi. Nulla orci arcu, imperdiet et pharetra semper, placerat vel felis. Sed vitae lectus mollis, euismod nisl et, sollicitudin dui. Sed auctor libero at condimentum mattis. Mauris consectetur magna dolor, quis dignissim justo ultrices placerat.\r\n\r\nNullam nec tellus a quam luctus scelerisque vel congue dolor. Quisque fringilla lacus ac eros gravida euismod. Quisque a sapien accumsan, lacinia elit a, aliquam tortor. Nullam condimentum eget nisl quis auctor. Nulla facilisi. Phasellus malesuada pulvinar tellus vel lacinia. Curabitur dignissim mauris nisl, vel gravida libero porta nec.', '32', '09 Jul, 2021', 40, '1625829774-Politics.jpg'),
(60, 'Politics News India: Latest Politics News, Photos and Political Videos from India.', 'Lorem ipsum dolor sit amet, consectetur adipiscing elit. Vivamus arcu arcu, maximus sed nulla sed, pellentesque volutpat nunc. Cras bibendum nec urna in euismod. In malesuada orci ligula, ac ullamcorper lorem viverra a. Vestibulum et orci ac diam finibus ullamcorper quis ut massa. Integer in nibh a quam vulputate fringilla nec sed eros. Fusce mollis hendrerit mi, nec vulputate nulla. Maecenas a purus eu orci hendrerit varius.\r\n\r\nPraesent in iaculis quam. Pellentesque ipsum augue, placerat vel vehicula dapibus, pharetra a dui. Integer ac justo quis purus vestibulum pharetra. Praesent suscipit velit sit amet odio semper, eu porta erat bibendum. Sed ullamcorper ex et nibh volutpat ultricies eget sed est. Aliquam elementum volutpat pharetra. Phasellus ac quam eget dolor feugiat fringilla quis et ex. Sed interdum, velit non ultricies rutrum, est diam molestie nunc, sed mattis dolor nisl quis orci. Cras vestibulum lobortis euismod. Nullam quis volutpat sapien, sollicitudin lobortis nunc. Donec tincidunt velit sed ante imperdiet, nec viverra diam tincidunt. Nulla dictum libero ex, et aliquam leo bibendum quis. Quisque ut quam euismod, ornare metus quis, aliquet felis. Donec eget turpis orci. In volutpat turpis non tellus pellentesque viverra. Donec condimentum, libero vel auctor vestibulum, justo neque malesuada odio, vitae sollicitudin orci justo a neque.\r\n\r\nAenean rhoncus aliquam dolor et ultricies. Nullam luctus eget est at scelerisque. Pellentesque mollis ac arcu eget suscipit. Phasellus interdum hendrerit ultricies. Vestibulum ex leo, cursus vitae dolor eu, mattis bibendum nisi. Nullam in tristique est. Praesent dui felis, volutpat at libero at, accumsan faucibus ligula. Aenean ultricies, sem eu faucibus imperdiet, nisl sem mattis arcu, ut convallis diam sem eget velit. Pellentesque habitant morbi tristique senectus et netus et malesuada fames ac turpis egestas. Sed sit amet leo convallis, commodo turpis et, tristique nisl. Duis at est id odio aliquam euismod. Maecenas vulputate sit amet tortor eu ornare. Sed sit amet sem consectetur, tincidunt est sed, egestas augue.\r\n\r\nVestibulum at quam arcu. Donec et risus a tellus fermentum elementum non tincidunt leo. Mauris tortor nulla, tempor fermentum elit in, sodales auctor eros. Maecenas gravida odio sit amet nibh pharetra finibus. Ut pulvinar est ac dui tincidunt posuere. Duis porttitor lectus neque, in interdum arcu facilisis at. Sed rhoncus magna vel pellentesque mollis. Vestibulum sit amet lorem in dui iaculis congue. Pellentesque habitant morbi tristique senectus et netus et malesuada fames ac turpis egestas. Integer eu ultrices urna, non commodo lorem. Nulla facilisi. Nulla orci arcu, imperdiet et pharetra semper, placerat vel felis. Sed vitae lectus mollis, euismod nisl et, sollicitudin dui. Sed auctor libero at condimentum mattis. Mauris consectetur magna dolor, quis dignissim justo ultrices placerat.\r\n\r\nNullam nec tellus a quam luctus scelerisque vel congue dolor. Quisque fringilla lacus ac eros gravida euismod. Quisque a sapien accumsan, lacinia elit a, aliquam tortor. Nullam condimentum eget nisl quis auctor. Nulla facilisi. Phasellus malesuada pulvinar tellus vel lacinia. Curabitur dignissim mauris nisl, vel gravida libero porta nec.', '32', '09 Jul, 2021', 40, '1625829859-Politics4.jpg');

-- --------------------------------------------------------

--
-- Table structure for table `settings`
--

CREATE TABLE `settings` (
  `id` int(11) NOT NULL,
  `websitename` varchar(60) NOT NULL,
  `logo` varchar(50) NOT NULL,
  `footerdesc` varchar(255) NOT NULL
) ENGINE=InnoDB DEFAULT CHARSET=utf8mb4;

--
-- Dumping data for table `settings`
--

INSERT INTO `settings` (`id`, `websitename`, `logo`, `footerdesc`) VALUES
(1, 'Sourav Gupta', 'sgptagroup.png', 'Developed by <a href=\"https://souravwebart.tech/\">Sourav Gupta</a>');

-- --------------------------------------------------------

--
-- Table structure for table `user`
--

CREATE TABLE `user` (
  `user_id` int(10) UNSIGNED NOT NULL,
  `first_name` varchar(30) NOT NULL,
  `last_name` varchar(30) NOT NULL,
  `username` varchar(30) DEFAULT NULL,
  `password` varchar(40) DEFAULT NULL,
  `role` int(11) NOT NULL
) ENGINE=MyISAM DEFAULT CHARSET=latin1;

--
-- Dumping data for table `user`
--

INSERT INTO `user` (`user_id`, `first_name`, `last_name`, `username`, `password`, `role`) VALUES
(41, 'Sourav', 'Gupta', 'Demo', 'demo', 0),
(40, 'Sourav', 'Gupta', 'Demo', '012345', 1),
(42, 'Sourav', 'Gupta', 'Demo', 'demo', 0);

--
-- Indexes for dumped tables
--

--
-- Indexes for table `category`
--
ALTER TABLE `category`
  ADD PRIMARY KEY (`category_id`);

--
-- Indexes for table `post`
--
ALTER TABLE `post`
  ADD PRIMARY KEY (`post_id`),
  ADD UNIQUE KEY `post_id` (`post_id`);

--
-- Indexes for table `settings`
--
ALTER TABLE `settings`
  ADD PRIMARY KEY (`id`);

--
-- Indexes for table `user`
--
ALTER TABLE `user`
  ADD PRIMARY KEY (`user_id`);

--
-- AUTO_INCREMENT for dumped tables
--

--
-- AUTO_INCREMENT for table `category`
--
ALTER TABLE `category`
  MODIFY `category_id` int(11) NOT NULL AUTO_INCREMENT, AUTO_INCREMENT=36;

--
-- AUTO_INCREMENT for table `post`
--
ALTER TABLE `post`
  MODIFY `post_id` int(11) NOT NULL AUTO_INCREMENT, AUTO_INCREMENT=61;

--
-- AUTO_INCREMENT for table `settings`
--
ALTER TABLE `settings`
  MODIFY `id` int(11) NOT NULL AUTO_INCREMENT, AUTO_INCREMENT=2;

--
-- AUTO_INCREMENT for table `user`
--
ALTER TABLE `user`
  MODIFY `user_id` int(10) UNSIGNED NOT NULL AUTO_INCREMENT, AUTO_INCREMENT=43;
COMMIT;

/*!40101 SET CHARACTER_SET_CLIENT=@OLD_CHARACTER_SET_CLIENT */;
/*!40101 SET CHARACTER_SET_RESULTS=@OLD_CHARACTER_SET_RESULTS */;
/*!40101 SET COLLATION_CONNECTION=@OLD_COLLATION_CONNECTION */;
